Cell_ID,Sample,x,y,Cell_Type
AAAGGGATGTAGCAAG-1,ONTraC,5477,-4125,1
AAATGGCATGTCTTGT-1,ONTraC,5959,-2808,3
AAATGGTCAATGTGCC-1,ONTraC,4720,-5202,2
AAATTAACGGGTAGCT-1,ONTraC,5202,-5322,2
AACAACTGGTAGTTGC-1,ONTraC,4101,-4604,2
AACAGGAAATCGAATA-1,ONTraC,5821,-3047,3
AACAGGATGGGCCGCG-1,ONTraC,3344,-4724,2
AACCATGGGATCGCTA-1,ONTraC,3275,-2928,4
AACCCAGAGACGGAGA-1,ONTraC,3895,-3047,1
AACCGAGCTTGGTCAT-1,ONTraC,6028,-4125,1
AACCGTTGTGTTTGCT-1,ONTraC,5615,-2688,3
AACGATAGAAGGGCCG-1,ONTraC,4858,-3047,4
AACGATATGTCAACTG-1,ONTraC,6440,-4125,4
AACGCGGTCTCCAGCC-1,ONTraC,5684,-4005,5
AACGTCAGACTAGTGG-1,ONTraC,3964,-4125,6
AACTCGATGGCGCAGT-1,ONTraC,3069,-2569,4
AACTGATATTAGGCCT-1,ONTraC,5752,-3167,3
AACTGGGTCCCGACGT-1,ONTraC,5752,-3646,1
AACTTGCCCGTATGCA-1,ONTraC,3069,-4724,2
AAGAGATGAATCGGTA-1,ONTraC,3069,-4484,1
AAGCTCGTGCCAAGTC-1,ONTraC,6234,-5442,4
AAGGAGCGGTTGGTGC-1,ONTraC,4514,-4604,2
AAGGCGCGTAAAGCTT-1,ONTraC,3826,-4125,6
AAGGCTGTGCTCATCG-1,ONTraC,4376,-4843,2
AAGTAGAAGACCGGGT-1,ONTraC,4445,-3526,1
AAGTAGTGACGCGAGG-1,ONTraC,3344,-5202,2
AATCCAAGGGCCTGAG-1,ONTraC,4445,-2808,3
AATGACTGTCAGCCGG-1,ONTraC,4445,-4005,1
AATGCAACCGGGTACC-1,ONTraC,5271,-4245,1
AATGGTTCTCACAAGC-1,ONTraC,3619,-3526,1
AATTTGGTTCCAAAGA-1,ONTraC,5821,-2568,3
ACAACAGCATGAGCTA-1,ONTraC,6165,-5082,1
ACAACGGTCCCTGCGA-1,ONTraC,3275,-3885,1
ACAAGGACAAGAGGTT-1,ONTraC,3757,-4723,2
ACACAAAGACGGGTGG-1,ONTraC,5064,-4125,1
ACACACTTTCTACACG-1,ONTraC,5615,-2928,3
ACACCCAGCATGCAGC-1,ONTraC,4652,-4125,1
ACACCCGAGAAATCCG-1,ONTraC,3895,-3526,1
ACACCTTAAGTAGGGC-1,ONTraC,4170,-4245,6
ACACGAGACTCCTTCT-1,ONTraC,6097,-4963,1
ACACGGGAACTTAGGG-1,ONTraC,6096,-4484,1
ACATAATAAGGCGGTG-1,ONTraC,5546,-3766,5
ACCAAGAACGCGTGTC-1,ONTraC,4583,-3287,5
ACCACAAGTTTCTATC-1,ONTraC,4927,-4843,2
ACCCTTCATCTGCGAA-1,ONTraC,5684,-2808,3
ACCGACTGAGTCCCAC-1,ONTraC,5752,-4604,1
ACCTAATCGACTTCCT-1,ONTraC,3276,-5083,2
ACGATCATACATAGAG-1,ONTraC,5546,-4244,1
ACGCATTCGTGAGTAC-1,ONTraC,5408,-5202,2
ACGCCAGATGATTTCT-1,ONTraC,6234,-3287,3
ACGCGGGCCAAGGACA-1,ONTraC,5477,-5322,1
ACGGAATTTAGCAAAT-1,ONTraC,3069,-3047,4
ACGTAGATTGCTGATG-1,ONTraC,5821,-5202,1
ACGTGCGCCTCGTGCA-1,ONTraC,5546,-3287,4
ACGTTTAGTTGTGATC-1,ONTraC,5890,-2928,3
ACTACCAGCTCTCTGG-1,ONTraC,4032,-4245,6
ACTATTCGTCCGTGGT-1,ONTraC,6303,-2928,3
ACTCAATAAAGGCACG-1,ONTraC,5959,-4244,1
ACTGCCGTCGTAACTC-1,ONTraC,6028,-3167,3
ACTGTAGCACTTTGGA-1,ONTraC,3895,-4484,1
ACTGTCCAGGATTATA-1,ONTraC,4996,-5202,2
ACTGTCTTCTTTAGAA-1,ONTraC,5615,-4843,1
ACTGTGCTAGTAGATC-1,ONTraC,3344,-2808,4
ACTTAGTACGACAAGA-1,ONTraC,3413,-2928,4
ACTTCGCCATACGCAC-1,ONTraC,6372,-4484,7
ACTTGGGACCCGGTGG-1,ONTraC,4583,-4723,2
ACTTTCCTATAGCTTC-1,ONTraC,5477,-4604,1
AGAACGTGGTACATTC-1,ONTraC,6234,-4484,1
AGACCATGGGATACAA-1,ONTraC,3138,-3886,5
AGACCCGCCCTCCTCG-1,ONTraC,5064,-4364,1
AGACTAGCCTTCCAGA-1,ONTraC,4376,-4604,2
AGAGCGGGCTAATCAT-1,ONTraC,5615,-3167,3
AGAGCGTACAAGCTCG-1,ONTraC,3138,-4125,1
AGATAACTTCAGGGCC-1,ONTraC,4239,-5083,2
AGATACGACTTCATAT-1,ONTraC,3619,-3047,4
AGATCTCAGGTGTGAT-1,ONTraC,6372,-4723,4
AGATGACTCGCCCACG-1,ONTraC,4996,-3766,1
AGCACCAGTACTCACG-1,ONTraC,5684,-4484,1
AGCACTTAAGGACGCC-1,ONTraC,3620,-4963,2
AGCATCGTCGATAATT-1,ONTraC,4789,-3885,1
AGCCCTAAGCGAAGTT-1,ONTraC,5684,-3047,3
AGCGACATCCCATTCA-1,ONTraC,5271,-3287,1
AGCGACCAACGATATT-1,ONTraC,4996,-4245,1
AGCGGGAAGGGTCCAT-1,ONTraC,3757,-2808,3
AGCTATTTAATCCAAC-1,ONTraC,6303,-3167,3
AGGACATCGCACGTCG-1,ONTraC,3826,-3167,5
AGGCCACCCGTTATGA-1,ONTraC,3826,-4604,2
AGGCCCATTGTACAGG-1,ONTraC,4996,-3047,4
AGGCTATGGTTAGCTT-1,ONTraC,3276,-4364,1
AGGGCGTGATCGGCTA-1,ONTraC,4307,-3287,5
AGGGCTGCAGTTACAG-1,ONTraC,5684,-5442,2
AGGGTTTAGTTCGGGA-1,ONTraC,5546,-5202,1
AGGTAACCTCCTATTC-1,ONTraC,4032,-2808,3
AGGTACGATATTGCCA-1,ONTraC,6440,-2688,3
AGGTAGGTACAAAGCT-1,ONTraC,3344,-5442,2
AGGTTGAGGCACGCTT-1,ONTraC,6303,-3885,3
AGTAATGTCTTGCCGC-1,ONTraC,5340,-3167,4
AGTAGGTAACATACAT-1,ONTraC,4720,-2808,3
AGTATAATACTAGGCA-1,ONTraC,3482,-4245,6
AGTCAGCCACCGCCTG-1,ONTraC,3138,-3167,4
AGTCGGCCCAAACGAC-1,ONTraC,3895,-4245,6
AGTCTTCTCCTCAAAT-1,ONTraC,5752,-4125,5
AGTTCCTACAGAATTA-1,ONTraC,4652,-4843,2
AGTTTCGCAGGTCGGA-1,ONTraC,5477,-2688,3
ATAAAGGCTCGGTCGT-1,ONTraC,4652,-5322,2
ATAACGGAGTCCAACG-1,ONTraC,6372,-4244,7
ATAATAGTGTAGGGAC-1,ONTraC,3275,-3407,4
ATACCACGGGCAACTT-1,ONTraC,3207,-5442,2
ATACTAGCATGACCCT-1,ONTraC,5408,-3766,5
ATAGACGAAGAGAAAG-1,ONTraC,4308,-5202,2
ATAGAGTACTGGGACA-1,ONTraC,4514,-4364,8
ATAGGGATATCCTTGA-1,ONTraC,6096,-3766,4
ATAGGTTGGGCAGATG-1,ONTraC,5615,-4604,1
ATATCTTAGGGCCTTC-1,ONTraC,5409,-5442,2
ATATTCCCACAGGTCA-1,ONTraC,5271,-2568,3
ATATTGCTGTCAAAGT-1,ONTraC,3413,-3407,1
ATATTTAACCCTCAAG-1,ONTraC,4996,-4963,2
ATCAATCTGGGCTGCA-1,ONTraC,5684,-5202,1
ATCACTTCATCCTCGC-1,ONTraC,5821,-3766,1
ATCCAACGCAGTCATA-1,ONTraC,3757,-4245,6
ATCGACTCTTTCCGTT-1,ONTraC,5408,-4005,1
ATCGCACGCCGGGAGA-1,ONTraC,5133,-4245,1
ATCTCCCTGCAATCTA-1,ONTraC,6165,-3167,3
ATCTGGTTAAGACTGT-1,ONTraC,6440,-4364,4
ATCTGTAATTGTACCC-1,ONTraC,5133,-3047,4
ATCTTGACCTGCAACG-1,ONTraC,4239,-4364,6
ATGAAGCCAAGGAGCC-1,ONTraC,4376,-3885,1
ATGACGCCGGCTCTAA-1,ONTraC,5202,-3167,4
ATGAGGAGTGTTAATC-1,ONTraC,3620,-4245,6
ATGATCGGGAATAGAC-1,ONTraC,4927,-3167,1
ATGCACTACCGCATTG-1,ONTraC,4308,-4484,1
ATGCATGATCCAGGAT-1,ONTraC,5684,-4244,1
ATGCCGGTCTTGCATA-1,ONTraC,6372,-4963,4
ATGCGACAGTCCCATT-1,ONTraC,6097,-5442,4
ATGCTCAGTGTTGCAT-1,ONTraC,3207,-3766,5
ATGGATTGACCAAACG-1,ONTraC,5408,-4484,1
ATGTGCATCCGACGCA-1,ONTraC,5133,-4005,1
ATGTTACGAGCAATAC-1,ONTraC,3207,-3047,4
ATTAATACTACGCGGG-1,ONTraC,5752,-3885,1
ATTAATTCGGTCACTC-1,ONTraC,5752,-2928,3
ATTACTAGCCTCTTGC-1,ONTraC,4239,-3407,1
ATTAGATTGATAGCGG-1,ONTraC,4583,-3526,1
ATTATGCCATAGGGAG-1,ONTraC,4858,-3766,1
ATTCCTCCGCCAGTGC-1,ONTraC,3895,-4005,6
ATTCTCGTCTCTTTAG-1,ONTraC,4720,-2568,3
ATTGAAGATCTTAGTG-1,ONTraC,4583,-4963,2
ATTGCTGCTCCTCCAT-1,ONTraC,4170,-5442,2
ATTGGGAATATCTTGG-1,ONTraC,4789,-2688,3
ATTTAACTCGTATTAC-1,ONTraC,4789,-2928,3
ATTTACAGTTTACTGG-1,ONTraC,3826,-4843,2
ATTTGTTCCAGGGCTC-1,ONTraC,6096,-3526,3
CAAACGGTCGCACTTT-1,ONTraC,3964,-4843,2
CAAACTATTGAGCTTC-1,ONTraC,6372,-2568,3
CAAATTGTCAGCAAGC-1,ONTraC,5821,-2808,3
CAACGACCCGTTTACA-1,ONTraC,4652,-3646,1
CAACGGTTCTTGATAC-1,ONTraC,3826,-3407,1
CAACTCCTTGATCCCG-1,ONTraC,4376,-3407,1
CAAGCAACGTCGGAGT-1,ONTraC,3826,-5083,2
CAAGCACCAAATGCCT-1,ONTraC,5752,-3406,4
CAATAAACCTTGGCCC-1,ONTraC,6303,-4364,7
CAATTAAGGGTGATGA-1,ONTraC,5684,-4723,1
CACACAGGGATAGATT-1,ONTraC,3069,-4245,1
CACAGCACCCACGGCA-1,ONTraC,5271,-4963,2
CACAGCTAGGGAGTGA-1,ONTraC,5340,-3646,5
CACCATCGGAGGAGAC-1,ONTraC,5408,-2568,3
CACCCACACGTCACCC-1,ONTraC,4170,-3287,5
CACCGCCAGAAGGTTT-1,ONTraC,5271,-4484,1
CACCTAATCAGTTTAC-1,ONTraC,6165,-3646,3
CACCTCGATGGTGGAC-1,ONTraC,6028,-3406,3
CACGAAAGTTAGTCCC-1,ONTraC,3207,-5202,2
CACGCACAGCGCAGCT-1,ONTraC,6165,-4125,7
CACGCAGCGAGGCTTT-1,ONTraC,4170,-4963,2
CACTAAAGTTGCCTAT-1,ONTraC,4720,-5442,4
CACTCAGCTCTTGAGG-1,ONTraC,6096,-2568,3
CACTGTCCAAGTGAGA-1,ONTraC,4170,-3526,1
CACTTAATCAGACGGA-1,ONTraC,4514,-5322,2
CACTTCGCCACAGGCT-1,ONTraC,3344,-3766,5
CAGAGCATGAGCTTGC-1,ONTraC,6028,-4364,1
CAGATACTAACATAGT-1,ONTraC,4376,-4364,6
CAGCTCACTGAGACAT-1,ONTraC,5271,-5202,2
CAGCTCGTGCTTGTGT-1,ONTraC,4101,-2928,1
CAGCTTAGTAGGTAGC-1,ONTraC,3138,-5083,2
CAGTGTCCGCAGAATG-1,ONTraC,3757,-3047,1
CAGTTCAAATTGACAC-1,ONTraC,4720,-4723,2
CATACAAAGCCGAACC-1,ONTraC,3619,-2808,4
CATAGTAGCATAGTAG-1,ONTraC,4308,-3526,1
CATCATCTACCCGGAC-1,ONTraC,5959,-2568,3
CATCGCCCGCGGCCAA-1,ONTraC,4239,-2928,4
CATGAACCGACATTTG-1,ONTraC,4170,-2569,3
CATGATGCACAATTCT-1,ONTraC,5959,-3766,7
CATGCGTTAGACAGAA-1,ONTraC,5546,-3047,3
CATGCTGGCTCCAATT-1,ONTraC,5340,-2688,3
CATGGCAGGAAGATCG-1,ONTraC,5133,-3287,1
CATGGTCTAGATACCG-1,ONTraC,5752,-4364,1
CATTACGTCGGCCCGT-1,ONTraC,5684,-3526,4
CATTATGCTTGTTGTG-1,ONTraC,4789,-4364,8
CCAAACAGAACCCTCG-1,ONTraC,4514,-3885,1
CCAACGATGCACTGAT-1,ONTraC,3757,-4963,2
CCAAGACTTCTGCGAA-1,ONTraC,5477,-3646,1
CCAAGCGTAACTCGTA-1,ONTraC,6097,-5202,1
CCAAGGAACAGAGAGG-1,ONTraC,4514,-2928,4
CCAATAGTGCCGTCGA-1,ONTraC,4101,-5322,2
CCAATTGAATGTTAAT-1,ONTraC,4376,-3646,1
CCACGAGAAGAGAATC-1,ONTraC,6372,-3287,3
CCAGGGACGTGGCCTC-1,ONTraC,4858,-4484,8
CCATAAACAACCCGAC-1,ONTraC,6440,-2928,3
CCATAGGTTGGCGTGG-1,ONTraC,5477,-3406,4
CCATCCATACCAAGTC-1,ONTraC,3826,-2928,4
CCATGCCTGTTTAGTA-1,ONTraC,4858,-5442,2
CCATGCTCTGCAGGAA-1,ONTraC,4170,-3766,1
CCATTAGCGATAATCC-1,ONTraC,4101,-5083,2
CCATTCCCTGCCCACA-1,ONTraC,3895,-5202,2
CCCGACCATAGTCCGC-1,ONTraC,6303,-3646,3
CCCGCCATGCTCCCGT-1,ONTraC,4032,-3526,1
CCCGTCAGCGTCTGAC-1,ONTraC,4720,-4005,1
CCCTCATTCTGGAATT-1,ONTraC,4239,-3167,5
CCCTGAAATGAGTTGA-1,ONTraC,3895,-4963,2
CCGAAAGTGGTGAGCA-1,ONTraC,3069,-3287,4
CCGCCGGTCAACACAC-1,ONTraC,4995,-2808,3
CCGGAATGGTTTCAGT-1,ONTraC,3413,-4125,8
CCGGCGCATATTGGAT-1,ONTraC,5064,-2928,3
CCGGGACCCGCAGAGA-1,ONTraC,4789,-3167,1
CCGGGCGGTCTCGTCA-1,ONTraC,6441,-5082,4
CCGTACCCAAGCGCCA-1,ONTraC,3551,-2688,3
CCGTGCCCATGACGGC-1,ONTraC,4514,-2688,3
CCTACGGCTCAGTCGA-1,ONTraC,3413,-3167,4
CCTACTGCTTACACTT-1,ONTraC,4583,-4484,1
CCTAGTTAGTCGCATG-1,ONTraC,6165,-2688,3
CCTATGGGTTACCGTC-1,ONTraC,5959,-4723,1
CCTCACCAATCTTGAC-1,ONTraC,3619,-3287,5
CCTCCGACAATTCAAG-1,ONTraC,3482,-5202,2
CCTCGAAGTGGACGGG-1,ONTraC,6096,-3047,3
CCTCGCCAGCAAATTA-1,ONTraC,6303,-3406,3
CCTCTAATCTGCCAAG-1,ONTraC,6234,-4005,4
CCTCTCTCCCATCTAG-1,ONTraC,3688,-5322,2
CCTCTGGCCTAGACGG-1,ONTraC,6372,-3047,3
CCTGAATATTTACATA-1,ONTraC,6096,-4005,7
CCTGCTATTTGAGAAG-1,ONTraC,4652,-4364,8
CCTGGCTAGACCCGCC-1,ONTraC,4170,-4723,2
CCTGTCACCCGGGCTC-1,ONTraC,5821,-4723,1
CCTTCTTGATCCAGTG-1,ONTraC,6234,-3526,3
CGAACGCCCAGTGCCG-1,ONTraC,6028,-2928,3
CGAAGTTGCTCTGTGT-1,ONTraC,3620,-5202,2
CGAGAGATGTGAACCT-1,ONTraC,6234,-4723,1
CGAGCGTTGATCAGCC-1,ONTraC,4376,-2688,3
CGAGCTGGGCTTTAGG-1,ONTraC,5821,-3287,3
CGAGGCTAAATATGGC-1,ONTraC,6096,-4723,1
CGCAAACACGAGTTAC-1,ONTraC,3757,-4484,1
CGCAATTACTTTCGGT-1,ONTraC,3482,-4005,1
CGCAATTAGGGTAATA-1,ONTraC,4239,-4604,2
CGCAATTCTACAATAA-1,ONTraC,3138,-4364,1
CGCATTAGCTAATAGG-1,ONTraC,5133,-4484,1
CGCGCCCGACTTAATA-1,ONTraC,6372,-3766,3
CGCGTTCATGAAATAC-1,ONTraC,4720,-4484,8
CGCTATACCGCCCACT-1,ONTraC,3688,-2928,1
CGCTATTCAATGTATG-1,ONTraC,3344,-3526,1
CGCTCGACATAATGAT-1,ONTraC,4308,-3766,1
CGCTCTCCGTAGATTA-1,ONTraC,3757,-5202,2
CGCTGTGACGCCGCAC-1,ONTraC,4445,-4245,8
CGCTTCCACTGAAATC-1,ONTraC,4101,-3407,1
CGCTTTCATACCGGTG-1,ONTraC,4651,-2928,4
CGGAGTTTGAGAGACA-1,ONTraC,3551,-4843,2
CGGCACTCAAGAAAGT-1,ONTraC,3138,-2688,3
CGGCCACGCACAAAGT-1,ONTraC,5271,-5442,2
CGGGATCAATGTAAGA-1,ONTraC,5271,-4005,1
CGGGCAGCTAAACCGC-1,ONTraC,5064,-5083,2
CGGTGTACTTGATCCC-1,ONTraC,3344,-3287,4
CGTACCTGATAGGCCT-1,ONTraC,5890,-3885,1
CGTAGCGAATTGTCAG-1,ONTraC,6096,-2808,3
CGTATTAAGAGATCTA-1,ONTraC,4927,-5083,2
CGTCAGTGCGCACAAG-1,ONTraC,4583,-2569,3
CGTCTGGAAGGGCCCG-1,ONTraC,5477,-3167,3
CGTGTCCCATTCGCGA-1,ONTraC,3964,-4604,1
CGTTGTTTCAATTCCC-1,ONTraC,3964,-5322,2
CGTTTAAGCGGAGCAC-1,ONTraC,5271,-2808,3
CGTTTCGCTCATTACA-1,ONTraC,4583,-5442,2
CTAATTCGCACGCGCT-1,ONTraC,3551,-4604,1
CTAATTTCAACAACAC-1,ONTraC,3069,-3766,1
CTACGCACGGAGTACC-1,ONTraC,5133,-5442,2
CTACTGCCACCTGACC-1,ONTraC,5546,-4484,1
CTAGCATAGTATAATG-1,ONTraC,5753,-5322,4
CTAGTGAAGGACAGGA-1,ONTraC,3826,-5322,2
CTAGTTGGGCCCGGTA-1,ONTraC,5890,-4364,1
CTATCGGGTCTCAACA-1,ONTraC,5959,-5442,4
CTATGTCACTAGCCCA-1,ONTraC,5752,-4843,1
CTATGTCTATTGAAAC-1,ONTraC,4995,-2568,3
CTCAGGACTCACCTGT-1,ONTraC,3275,-3167,4
CTCATGGCTCACAATC-1,ONTraC,5546,-2808,3
CTCATTTGATGGGCGG-1,ONTraC,5477,-3885,5
CTCCGGCCTAATATGC-1,ONTraC,5271,-3526,1
CTCCTAAGTTATGTCT-1,ONTraC,3275,-2688,3
CTCGAGGTCGAACAGT-1,ONTraC,5271,-4723,8
CTCGCACCTATATAGT-1,ONTraC,5890,-4125,1
CTCGGTCCGTAGCCTG-1,ONTraC,4652,-3407,5
CTCTCACAATCGATGA-1,ONTraC,6028,-5082,1
CTCTGCGAAGCAAGCA-1,ONTraC,4651,-2688,3
CTCTGGACGCCTGGTG-1,ONTraC,5477,-5083,1
CTCTGTTTGAGGATTC-1,ONTraC,6165,-2928,3
CTGAAAGAGATCCGAC-1,ONTraC,5959,-3526,4
CTGCACCTGGAACCGC-1,ONTraC,4583,-3047,1
CTGGAAATGGATGCTT-1,ONTraC,4858,-4723,2
CTGTATGGTGTAGAAA-1,ONTraC,3413,-3646,5
CTGTTCACTGCCTGTG-1,ONTraC,5064,-3885,1
CTGTTCATCTCACGGG-1,ONTraC,3551,-3885,1
CTTAACTTCGAAGTAC-1,ONTraC,5546,-2568,3
CTTACACGGTATTCCA-1,ONTraC,4308,-4963,2
CTTACACTGGGAAATA-1,ONTraC,4514,-3167,1
CTTATGTTGACTACCA-1,ONTraC,3069,-2808,3
CTTCATAGCTCAAGAA-1,ONTraC,3757,-3526,1
CTTCTTACGTCGTATA-1,ONTraC,5340,-2928,3
CTTGTACTTGTTGACT-1,ONTraC,4720,-3766,1
CTTGTTTATGTAGCCA-1,ONTraC,3138,-3407,4
CTTTAACTTTCAAAGG-1,ONTraC,5821,-4005,1
CTTTGGCTTTAGTAAA-1,ONTraC,3964,-5083,2
GAAACAGCCATGCAGT-1,ONTraC,5408,-2808,3
GAAACTCTAATGAAGG-1,ONTraC,6234,-2808,3
GAAAGTGACTAACTGC-1,ONTraC,3344,-4245,1
GAAATCGCGCGCAACT-1,ONTraC,5890,-3406,3
GAAATGGCGGTGTTAG-1,ONTraC,4789,-4843,2
GAAATTCACATCGCTG-1,ONTraC,4583,-2808,3
GAACACACATCAACCA-1,ONTraC,4652,-3885,1
GAACGACCGAATGATA-1,ONTraC,5546,-3526,1
GAAGAACGGTGCAGGT-1,ONTraC,3963,-2928,4
GAAGCGTGAGGAATTT-1,ONTraC,5340,-5322,2
GAAGCTTGCTGACCGC-1,ONTraC,3620,-4724,2
GAAGTGCTGGATAGCT-1,ONTraC,5408,-3047,3
GAATCGACATGGTCAC-1,ONTraC,4101,-4364,6
GAATCGCCGGACACGG-1,ONTraC,4032,-2569,3
GAATGTTGGGTAATCT-1,ONTraC,5959,-4005,1
GAATTATAGTGAAAGG-1,ONTraC,5890,-5322,4
GAATTTCTCGCTGCAG-1,ONTraC,3276,-4604,1
GACAACGCAGCTTACG-1,ONTraC,4927,-3646,1
GACACAAGGGAAGAAA-1,ONTraC,6165,-4843,1
GACCAGAGCCCTGTAG-1,ONTraC,4445,-4963,2
GACGCCTGTTGCAGGG-1,ONTraC,3344,-2569,3
GACGTGTAGGGATTAT-1,ONTraC,3413,-4604,1
GACTAAGATCATGCAC-1,ONTraC,4858,-4005,1
GACTAAGTAGGCTCAC-1,ONTraC,4170,-4484,1
GAGACTGATGGGTAGA-1,ONTraC,5064,-4604,1
GAGATCTGCTTGGCAT-1,ONTraC,4239,-5322,2
GAGATCTGTCACTCCG-1,ONTraC,6303,-4843,1
GAGCATCATCCCTGGG-1,ONTraC,3963,-2688,3
GAGCGAGGGAGTACCG-1,ONTraC,5202,-2928,3
GAGCTCTCGGACCTAA-1,ONTraC,3482,-3047,4
GAGGAATGGAGAGGTT-1,ONTraC,3344,-4484,1
GAGGCTATCAAAGTCG-1,ONTraC,3069,-5442,2
GAGGGCATCGCGTATC-1,ONTraC,3482,-2569,3
GAGGTACATCCATCTT-1,ONTraC,5890,-2688,3
GAGTACGGGTATACAA-1,ONTraC,4170,-3047,1
GATAAATCGGTGGATG-1,ONTraC,4032,-3047,1
GATATCTCATGCAATA-1,ONTraC,5202,-2688,3
GATCATTCCAAACATT-1,ONTraC,5064,-4843,2
GATCCCTTTATACTGC-1,ONTraC,5340,-4604,1
GATCGACACTATCTGA-1,ONTraC,4445,-4484,6
GATCGGTGGCCATAAC-1,ONTraC,5890,-4604,1
GATGCTACAAGCGCCT-1,ONTraC,4720,-3287,5
GATGGCGCACACATTA-1,ONTraC,3207,-3526,1
GATGTTTGTGCGAGAT-1,ONTraC,3275,-3646,5
GATTCCCTTGTCGCAG-1,ONTraC,5821,-4244,1
GATTCCGCGTTTCCGT-1,ONTraC,6440,-3167,3
GCAAATATTACGCTTT-1,ONTraC,4032,-5442,2
GCAAGTGCACAGAGAA-1,ONTraC,4101,-4125,6
GCACTAGTCGCGCTAT-1,ONTraC,4170,-2808,3
GCAGGACTATAGAATA-1,ONTraC,3757,-5442,2
GCATCCCTAACTTTGA-1,ONTraC,4101,-3167,5
GCCCACCAAGGCTGTC-1,ONTraC,3826,-2688,3
GCCCAGTTGGTATGCC-1,ONTraC,3826,-3885,1
GCCCGCGCGTTTGACA-1,ONTraC,3963,-3646,1
GCCGAAATTCCTACGT-1,ONTraC,4308,-5442,2
GCCTAGCGATCTGACC-1,ONTraC,4101,-3646,1
GCCTATTCCGATATAG-1,ONTraC,3275,-4125,1
GCCTTCAGCCCTACCG-1,ONTraC,4651,-3167,1
GCGAAGCCATACCCGT-1,ONTraC,5408,-4963,1
GCGAGTTCTGCAAAGA-1,ONTraC,5546,-5442,4
GCGCTAATTGAATAGA-1,ONTraC,6028,-5322,4
GCGGGAACCAGGCCCT-1,ONTraC,4514,-3407,1
GCGGTCCCTAGACGCA-1,ONTraC,4307,-2808,3
GCGTCGAAATGTCGGT-1,ONTraC,5684,-3287,3
GCTAATACCGAATGCC-1,ONTraC,4445,-3766,1
GCTAGTTTCATTGAGG-1,ONTraC,3757,-3287,5
GCTCTAAACCCTGACG-1,ONTraC,5202,-4125,1
GCTCTATGTTACGTGC-1,ONTraC,3964,-4364,6
GCTCTCGGGTACCGAA-1,ONTraC,5202,-4364,1
GCTGCTCTCCGGACAC-1,ONTraC,5546,-4963,1
GCTGGCATATTCACCT-1,ONTraC,3344,-4963,2
GCTTGATGATAATCAG-1,ONTraC,3688,-3885,1
GGAGAAGTCATTGGCA-1,ONTraC,4032,-4005,6
GGAGTGCCGCCCTGGA-1,ONTraC,4858,-3526,1
GGATTCAGTACGGTGG-1,ONTraC,3482,-3526,5
GGCAATAGTCAATGAG-1,ONTraC,6028,-4843,1
GGCACTCCACTGGGCA-1,ONTraC,4376,-5322,2
GGCATACAGGTAGCGG-1,ONTraC,3413,-5322,2
GGCGGAGTAATATTAG-1,ONTraC,4376,-5083,2
GGCGGTAGGATCATTG-1,ONTraC,5959,-4963,1
GGCGTCCTATCCGCTG-1,ONTraC,3482,-4963,2
GGCTATTAAGTTGTAT-1,ONTraC,4032,-5202,2
GGCTCGTGCCACCAGC-1,ONTraC,3826,-3646,1
GGCTCTGCTCCAACGC-1,ONTraC,6165,-4364,1
GGCTGGCTAGCTTAAA-1,ONTraC,3207,-2569,3
GGGACTGCATAGATAG-1,ONTraC,5340,-5083,2
GGGAGAACTCACAGTA-1,ONTraC,5615,-5083,1
GGGAGTTAATGAGGCG-1,ONTraC,6372,-5202,4
GGGCGATATGTGTGAA-1,ONTraC,5202,-4604,1
GGGCGGTCCTATTGTC-1,ONTraC,3138,-2928,4
GGGCGTACATTTATAT-1,ONTraC,4927,-4125,1
GGGCTGCCTAGGGCGA-1,ONTraC,5959,-5202,1
GGGCTGGTTAGTCGCG-1,ONTraC,4720,-4963,2
GGGTATGTATGCACTT-1,ONTraC,3138,-4604,1
GGGTCACCGTGACGGT-1,ONTraC,4445,-5442,2
GGGTGTTTCAGCTATG-1,ONTraC,5890,-3167,3
GGTAACTATGTATCTG-1,ONTraC,4239,-2688,3
GGTAGTGCTCGCACCA-1,ONTraC,6165,-5322,4
GGTATTGCCGAGTTTA-1,ONTraC,4858,-5202,2
GGTCGGTAATTAGACA-1,ONTraC,3688,-2688,3
GGTGAGATGCAGATAA-1,ONTraC,3688,-3167,5
GGTGCGGATAAGTGGC-1,ONTraC,4376,-3167,5
GGTTAGGCTTGGAGAA-1,ONTraC,3688,-4604,2
GGTTTACAATCTCAAT-1,ONTraC,6234,-4244,7
GGTTTGAGTGCTGGAA-1,ONTraC,4101,-2688,3
GTAAGCGGGCAGTCAG-1,ONTraC,5546,-4005,1
GTAAGTAGGGTATACC-1,ONTraC,3688,-4364,6
GTACGAGATTGCGACA-1,ONTraC,5133,-3766,1
GTACTAAGATTTGGAG-1,ONTraC,4996,-4484,8
GTACTGAGGTCGTAAC-1,ONTraC,4445,-2569,3
GTACTGCATGAAGCGT-1,ONTraC,3895,-2569,3
GTACTTGGGCACTTCT-1,ONTraC,3482,-3287,1
GTAGACGTCGTTACAT-1,ONTraC,3895,-2808,3
GTATAGGACTCAGTAG-1,ONTraC,5202,-3646,5
GTATCAGCTTGGGTTC-1,ONTraC,3551,-3646,1
GTCAAAGTTTACATAG-1,ONTraC,3207,-2808,4
GTCACTCTCCAAATCT-1,ONTraC,3344,-4005,1
GTCAGAATAGTCTATG-1,ONTraC,3413,-4843,2
GTCATGCACCTCCGTT-1,ONTraC,5408,-4723,1
GTCATGGACATGACTA-1,ONTraC,5477,-4364,1
GTCCCAACGTAAAGTA-1,ONTraC,6234,-5202,4
GTCCGGCTGAATTGCG-1,ONTraC,4789,-4604,1
GTCGGATATCTCAGAC-1,ONTraC,3688,-5083,2
GTCGTCAATTATAAGG-1,ONTraC,4307,-2569,3
GTGAAACGTGCTCCAC-1,ONTraC,3757,-2569,3
GTGCAACAAATGTGGC-1,ONTraC,5477,-2928,3
GTGCACGAAAGTGACT-1,ONTraC,6096,-3287,3
GTGCGGGTCTCCAAAT-1,ONTraC,5064,-3646,1
GTGCTCAAGTACTGTC-1,ONTraC,4789,-5322,2
GTGGACGTGCTGAGAC-1,ONTraC,3895,-3287,5
GTGGGCTTAGACACAC-1,ONTraC,3895,-4723,2
GTTCACAGGAGTCTAG-1,ONTraC,3551,-5083,2
GTTCCAGTCTGACCAT-1,ONTraC,4858,-3287,1
GTTCTTCCCTCGATGT-1,ONTraC,4720,-3047,4
GTTGCACGGAGTTTCG-1,ONTraC,4514,-4125,6
GTTGTCGTGTTAGTTG-1,ONTraC,4445,-3047,1
GTTTCCTGGAGGGTGA-1,ONTraC,4583,-4245,6
GTTTGACCAAATCCTA-1,ONTraC,5202,-4843,1
GTTTGGCCGCTCAGCG-1,ONTraC,3413,-2688,3
TAAATGAATCCGTTTC-1,ONTraC,3207,-4005,1
TAACAAAGGGAGAAGC-1,ONTraC,3619,-3766,1
TAACGCTTTGAGAGCG-1,ONTraC,3207,-4484,1
TAACTATCGAAGGTCC-1,ONTraC,3551,-4125,1
TAACTCCATGGAGGCT-1,ONTraC,3069,-3526,4
TAAGGAACTTGTGGGA-1,ONTraC,3963,-3167,5
TAAGGCAACATAAGAT-1,ONTraC,6096,-4244,3
TAATACACAGTAGTAT-1,ONTraC,5615,-3646,1
TAATATTGAAATTCGC-1,ONTraC,4445,-3287,5
TACAAGTCTCGTGCAT-1,ONTraC,3069,-4963,2
TACCAGCTAGGTTTAA-1,ONTraC,5684,-2568,3
TACCTCACGCTTGTAC-1,ONTraC,5064,-3167,1
TACGAACACGACTTCA-1,ONTraC,4858,-4963,2
TACGAGAACTTCACGT-1,ONTraC,3895,-5442,2
TACGATGTTGATCATC-1,ONTraC,3620,-5442,2
TACGTGCACTATGCTG-1,ONTraC,3482,-3766,1
TAGAGCTACGAAGAAC-1,ONTraC,4858,-2808,3
TAGAGTCTAAGCGAAC-1,ONTraC,4996,-4723,2
TAGCTAAGTCCGGGAG-1,ONTraC,5133,-4723,1
TAGGGTGTTTCAAGAG-1,ONTraC,4927,-3885,1
TAGGTGAGCCCTACTC-1,ONTraC,3482,-4724,2
TAGGTTCGAGTTCGTC-1,ONTraC,5821,-5442,4
TAGTGCCCTCCAGAGT-1,ONTraC,4789,-5083,2
TAGTTTATTCTTGCTT-1,ONTraC,5133,-2808,3
TATAAATCCACAAGCT-1,ONTraC,4239,-3646,1
TATAAGTGAGGATAGC-1,ONTraC,3895,-3766,1
TATACACGCAAAGTAT-1,ONTraC,3688,-3407,1
TATCCATATCATGCGA-1,ONTraC,4789,-3407,5
TATCCTGCATGGGAAT-1,ONTraC,4927,-2928,3
TATCGATGATTAAACG-1,ONTraC,4583,-4005,1
TATGCTCCCTACTTAC-1,ONTraC,5408,-4244,1
TATGGATGTGCTACGC-1,ONTraC,4927,-4364,6
TATGGCCCGGCCTCGC-1,ONTraC,3276,-4843,2
TATGGGTACGTATCGT-1,ONTraC,5202,-5083,2
TATTCAATTCTAATCC-1,ONTraC,6303,-5322,4
TATTCGTGCCAGAATA-1,ONTraC,5615,-5322,2
TATTTAGTCTAGATCG-1,ONTraC,5202,-3406,1
TATTTGTTACCCTTTA-1,ONTraC,4376,-4125,6
TCAAACAACCGCGTCG-1,ONTraC,5340,-4125,1
TCAAACTTAGATTGTT-1,ONTraC,5684,-4963,1
TCAACACATTGGGTAA-1,ONTraC,3619,-2569,3
TCAACCATGTTCGGGC-1,ONTraC,4720,-4245,6
TCACAGGTTATTGGGC-1,ONTraC,4514,-5083,2
TCACGCATTGTAGATC-1,ONTraC,4583,-5202,2
TCACGGTCATCGCACA-1,ONTraC,4308,-4005,1
TCAGCAAATGCATCTC-1,ONTraC,6234,-4963,1
TCAGGGTGTAACGTAA-1,ONTraC,6165,-4604,1
TCAGGTTCTTTGAGAA-1,ONTraC,4101,-4843,2
TCAGTACTGACCCGCG-1,ONTraC,3551,-4364,6
TCATCACTCGAGCTCG-1,ONTraC,3207,-3287,4
TCATCCCAGAGGGTGG-1,ONTraC,6028,-2688,3
TCCACAATGGTTTACG-1,ONTraC,3688,-4843,2
TCCAGGCGAGTACGGT-1,ONTraC,5133,-4963,2
TCCCAAAGACGAAGGA-1,ONTraC,5340,-4364,1
TCCCAGCTTTAGTCTG-1,ONTraC,5064,-5322,2
TCCCAGGCTTAGCTAA-1,ONTraC,4514,-4843,2
TCCCGCGTACTCCTGG-1,ONTraC,5959,-4484,1
TCCCGGGTGTGCTGCT-1,ONTraC,3551,-5322,2
TCCCGTCAGTCCCGCA-1,ONTraC,6372,-4005,4
TCCCTGGCTCGCTGGA-1,ONTraC,3069,-5202,2
TCCGATAATTGCCATA-1,ONTraC,5615,-3406,4
TCCGATGACTGAGCTC-1,ONTraC,6440,-3885,3
TCCGATGGTGCGACAT-1,ONTraC,4858,-4245,6
TCCGATTACATTGCCG-1,ONTraC,3413,-5083,2
TCCTCTACGAGATGGC-1,ONTraC,3413,-4364,1
TCCTTCAGTGGTCGAA-1,ONTraC,5959,-3047,3
TCCTTTCTTACGCTTA-1,ONTraC,5477,-4843,1
TCGAAATTTAGGACCA-1,ONTraC,4308,-4723,2
TCGCATCCCTAAGTGT-1,ONTraC,3344,-3047,4
TCGCCGGTCGATCCGT-1,ONTraC,5408,-3526,1
TCGCGTCCAGAAGGTC-1,ONTraC,3207,-4963,2
TCGCTCGATATATTCC-1,ONTraC,5546,-4723,1
TCGCTGGGCGGATTGT-1,ONTraC,6303,-4604,4
TCGCTGTGCGTAAATC-1,ONTraC,4032,-3287,1
TCGGAATGCGCTCTGA-1,ONTraC,3138,-4843,2
TCGGAGTACATGAGTA-1,ONTraC,6303,-5082,4
TCGTATAGTGCAATTA-1,ONTraC,5064,-2688,3
TCGTCCGCTGGCGTCT-1,ONTraC,3964,-3885,1
TCTACCGTCCACAAGC-1,ONTraC,5821,-4484,1
TCTAGCATCTTCGATG-1,ONTraC,4170,-4005,6
TCTAGTTATCAGAAGA-1,ONTraC,4927,-5322,2
TCTATCATGCAGTTAC-1,ONTraC,3963,-3407,1
TCTATCGGTCGCAACA-1,ONTraC,5615,-3885,5
TCTATTACGCTGGCGA-1,ONTraC,3551,-2928,4
TCTCTAATAGCTGGTA-1,ONTraC,4789,-3646,1
TCTGAACCGGTCGGCT-1,ONTraC,3757,-3766,1
TCTTACAGAGGTACCG-1,ONTraC,4307,-3047,1
TCTTACGGCATCCGAC-1,ONTraC,3207,-4245,1
TCTTCGATACCAATAA-1,ONTraC,5752,-5082,1
TCTTGATGCGTAGCGA-1,ONTraC,5890,-5082,1
TCTTGGTAACACCAAA-1,ONTraC,5684,-3766,1
TGAAACTTATGCAAGC-1,ONTraC,6234,-2568,3
TGACCCACGTTAGACA-1,ONTraC,4445,-5202,2
TGAGAATGCTTTACCG-1,ONTraC,4927,-3407,5
TGATCGGTTTGACCCT-1,ONTraC,4927,-4604,8
TGATCTCCGGCGCCAG-1,ONTraC,4652,-4604,2
TGATTCGTCTATCACT-1,ONTraC,4032,-4963,2
TGATTTCCTCCTGACG-1,ONTraC,3551,-3167,1
TGCAAGAATGACGTAA-1,ONTraC,5340,-4843,1
TGCAGGATCGGCAAAG-1,ONTraC,6303,-4125,4
TGCATGGATCGGATCT-1,ONTraC,5821,-3526,4
TGCCACCTGGCGAAAC-1,ONTraC,6440,-3646,3
TGCCTGATCAAACGAT-1,ONTraC,6028,-3646,4
TGCGCAAAGCATTTGG-1,ONTraC,5821,-4963,1
TGCGCGATTAACGGAG-1,ONTraC,4032,-4484,1
TGCGGAGTAAAGGTGC-1,ONTraC,6028,-3885,7
TGCGGCATAGTTCAAC-1,ONTraC,4927,-2688,3
TGCGGTGAAATTTCAT-1,ONTraC,5752,-2688,3
TGCTGGTTGGACAATT-1,ONTraC,4032,-3766,1
TGGAAGACGAACACCA-1,ONTraC,4376,-2928,4
TGGAAGGATAAAGATG-1,ONTraC,5890,-3646,4
TGGAGTGATGCGATGA-1,ONTraC,4032,-4723,2
TGGCCAAACTGAAGTA-1,ONTraC,6441,-4604,7
TGGCCGTATATTGACC-1,ONTraC,3826,-4364,1
TGGCTTTGGGTAGACA-1,ONTraC,4720,-3526,1
TGGGAAATGCCTTTCC-1,ONTraC,3069,-4005,5
TGGGCACGTTCTATGG-1,ONTraC,6234,-3047,3
TGGGCCACAAGAGCGC-1,ONTraC,6165,-3406,3
TGGTTCGTAGCAAAGG-1,ONTraC,4996,-4005,1
TGTAGTGATCTATAAT-1,ONTraC,3482,-5442,2
TGTCCCGACATAGCAC-1,ONTraC,5133,-2568,3
TGTCCTAAGTCACCGC-1,ONTraC,3276,-5322,2
TGTCTACAGTTTCTGT-1,ONTraC,4858,-2568,3
TGTGACTACGCCAGTC-1,ONTraC,6234,-3766,4
TGTGTCGCGAGTTGCA-1,ONTraC,3688,-4125,6
TGTTCTTCCATTGACT-1,ONTraC,4170,-5202,2
TGTTTCGGTACTTCTC-1,ONTraC,5064,-3406,1
TTAACCAACCCTCCCT-1,ONTraC,4996,-3526,5
TTAAGCGCCTGACCCA-1,ONTraC,4239,-4843,2
TTAATCAGTACGTCAG-1,ONTraC,6440,-3406,3
TTAATGTAGACCAGGT-1,ONTraC,5890,-4843,1
TTAATTTCAGACGCGG-1,ONTraC,5959,-3287,3
TTACAACTACGCATCC-1,ONTraC,4789,-4125,1
TTACATCGTGGCCTGG-1,ONTraC,3688,-3646,1
TTACCATTGATTACCC-1,ONTraC,3138,-5322,2
TTAGCAACATGGATGT-1,ONTraC,3138,-3646,1
TTATATTTGGCAATCC-1,ONTraC,5615,-4364,1
TTATCCAATCGAACTC-1,ONTraC,3482,-2808,3
TTATCTGTATCATAAC-1,ONTraC,5340,-3885,1
TTATGACAAACTGGAT-1,ONTraC,3620,-4484,1
TTATTAGGGAAGCATC-1,ONTraC,5271,-3047,3
TTCAAAGTCTCTAGCC-1,ONTraC,6372,-5442,7
TTCAACGACCCGACCG-1,ONTraC,4514,-3646,1
TTCAAGCCGAGCTGAG-1,ONTraC,6372,-2808,3
TTCATGGCGCAACAGG-1,ONTraC,6372,-3526,3
TTCCTCGAGGGTGTCT-1,ONTraC,4583,-3766,1
TTCGACGGGAAGGGCG-1,ONTraC,4239,-4125,6
TTCGCACTCGCGTGCT-1,ONTraC,4308,-4245,8
TTCGTACTCCAGAACG-1,ONTraC,3207,-4724,2
TTCTACTTGCGAGGGC-1,ONTraC,3413,-3885,1
TTCTAGGCCAATTGTG-1,ONTraC,4239,-3885,1
TTCTTAGTGAACGGTG-1,ONTraC,3551,-3407,5
TTCTTAGTGGCTCAGA-1,ONTraC,5408,-3287,4
TTCTTGTAACCTAATG-1,ONTraC,3620,-4005,1
TTGAAGAATTCCCAGG-1,ONTraC,4652,-5083,2
TTGAATATGGACTTTC-1,ONTraC,6441,-5322,4
TTGATCTAACTTTGTC-1,ONTraC,4445,-4723,2
TTGATTATGCAGATGA-1,ONTraC,3482,-4484,1
TTGCACGGAGCAGCAC-1,ONTraC,5271,-3766,1
TTGCTCCCATACCGGA-1,ONTraC,6165,-3885,4
TTGCTGAAGGAACCAC-1,ONTraC,5133,-3526,5
TTGCTGATCATGTTCG-1,ONTraC,5133,-5202,2
TTGGATTGGGTACCAC-1,ONTraC,4996,-3287,3
TTGGCTCGCATGAGAC-1,ONTraC,3757,-4005,1
TTGGGACACTGCCCGC-1,ONTraC,6028,-4604,1
TTGGGCGGCGGTTGCC-1,ONTraC,6441,-4843,7
TTGTAATCCGTACTCG-1,ONTraC,4996,-5442,2
TTGTATCACACAGAAT-1,ONTraC,6303,-2688,3
TTGTCGTTCAGTTACC-1,ONTraC,5202,-3885,1
TTGTGGCCCTGACAGT-1,ONTraC,5340,-3406,1
TTGTTCAGTGTGCTAC-1,ONTraC,5615,-4125,1
